{"cameraMode":{"drawMode":0,"name":"Shaded","section":"Shading Mode"},"sceneLighting":true,"audioPlay":false,"sceneViewState":{"m_AlwaysRefresh":false,"showFog":true,"showSkybox":true,"showFlares":true,"showImageEffects":true,"showParticleSystems":true,"showVisualEffectGraphs":true,"m_FxEnabled":true},"in2DMode":false,"pivot":{"x":2.3409814834594728,"y":10.97819709777832,"z":-14.265239715576172},"rotation":{"x":0.15192095935344697,"y":-0.18853813409805299,"z":0.029661480337381364,"w":0.9698883891105652},"size":2.1729981899261476,"orthographic":false}