{"cameraMode":{"drawMode":0,"name":"Shaded","section":"Shading Mode"},"sceneLighting":true,"audioPlay":false,"sceneViewState":{"m_AlwaysRefresh":false,"showFog":true,"showSkybox":true,"showFlares":true,"showImageEffects":true,"showParticleSystems":true,"showVisualEffectGraphs":true,"m_FxEnabled":true},"in2DMode":false,"pivot":{"x":3.469714641571045,"y":10.191972732543946,"z":-16.978240966796876},"rotation":{"x":0.06769855320453644,"y":-0.7540531754493713,"z":0.0788431316614151,"w":0.6486464142799377},"size":0.21692907810211183,"orthographic":false}