{"cameraMode":{"drawMode":0,"name":"Shaded","section":"Shading Mode"},"sceneLighting":true,"audioPlay":false,"sceneViewState":{"m_AlwaysRefresh":false,"showFog":true,"showSkybox":false,"showFlares":true,"showImageEffects":true,"showParticleSystems":true,"showVisualEffectGraphs":true,"m_FxEnabled":true},"in2DMode":false,"pivot":{"x":0.2538943886756897,"y":-9.537689208984375,"z":19.388273239135743},"rotation":{"x":0.24265648424625398,"y":-0.0040740505792200569,"z":0.0010181647958233953,"w":0.9701243042945862},"size":12.12435531616211,"orthographic":false}