{"cameraMode":{"drawMode":0,"name":"Shaded","section":"Shading Mode"},"sceneLighting":true,"audioPlay":false,"sceneViewState":{"m_AlwaysRefresh":false,"showFog":true,"showSkybox":false,"showFlares":true,"showImageEffects":true,"showParticleSystems":true,"showVisualEffectGraphs":true,"m_FxEnabled":true},"in2DMode":false,"pivot":{"x":0.22155210375785829,"y":1.3875192403793336,"z":-1.128792405128479},"rotation":{"x":-0.006877820007503033,"y":0.07971575111150742,"z":0.0005500564584508538,"w":0.9968138933181763},"size":3.6892685890197756,"orthographic":false}