{"cameraMode":{"drawMode":0,"name":"Shaded","section":"Shading Mode"},"sceneLighting":true,"audioPlay":false,"sceneViewState":{"m_AlwaysRefresh":false,"showFog":true,"showSkybox":false,"showFlares":true,"showImageEffects":true,"showParticleSystems":true,"showVisualEffectGraphs":true,"m_FxEnabled":true},"in2DMode":false,"pivot":{"x":-1.6329503059387208,"y":2.301576852798462,"z":12.775737762451172},"rotation":{"x":-0.026301352307200433,"y":-0.08506838232278824,"z":-0.0022470862604677679,"w":0.9960463643074036},"size":9.699484825134278,"orthographic":false}