{"cameraMode":{"drawMode":0,"name":"Shaded","section":"Shading Mode"},"sceneLighting":true,"audioPlay":false,"sceneViewState":{"m_AlwaysRefresh":false,"showFog":true,"showSkybox":false,"showFlares":true,"showImageEffects":true,"showParticleSystems":true,"showVisualEffectGraphs":true,"m_FxEnabled":true},"in2DMode":false,"pivot":{"x":-0.31402987241744997,"y":1.8840781450271607,"z":-3.3851349353790285},"rotation":{"x":0.05537525191903114,"y":0.15690256655216218,"z":-0.008811993524432183,"w":0.9860415458679199},"size":0.8660253882408142,"orthographic":false}